hospital_id,hospital_name,location
1,Hospital_1,Lucknow
2,Hospital_2,Bangalore
3,Hospital_3,Bangalore
4,Hospital_4,Chandigarh
5,Hospital_5,Pune
6,Hospital_6,Chandigarh
7,Hospital_7,Bangalore
8,Hospital_8,Bangalore
9,Hospital_9,Patiala
10,Hospital_10,Patiala
11,Hospital_11,Mumbai
12,Hospital_12,Chandigarh
13,Hospital_13,Mumbai
14,Hospital_14,Lucknow
15,Hospital_15,Bangalore
16,Hospital_16,Pune
17,Hospital_17,Chandigarh
18,Hospital_18,Chandigarh
19,Hospital_19,Pune
20,Hospital_20,Bangalore
21,Hospital_21,Bangalore
22,Hospital_22,Delhi
23,Hospital_23,Bangalore
24,Hospital_24,Patiala
25,Hospital_25,Lucknow
26,Hospital_26,Patiala
27,Hospital_27,Lucknow
28,Hospital_28,Lucknow
29,Hospital_29,Pune
30,Hospital_30,Pune
31,Hospital_31,Chandigarh
32,Hospital_32,Bangalore
33,Hospital_33,Chandigarh
34,Hospital_34,Mumbai
35,Hospital_35,Jaipur
36,Hospital_36,Chandigarh
37,Hospital_37,Pune
38,Hospital_38,Chandigarh
39,Hospital_39,Patiala
40,Hospital_40,Pune
41,Hospital_41,Lucknow
42,Hospital_42,Mumbai
43,Hospital_43,Bangalore
44,Hospital_44,Delhi
45,Hospital_45,Bangalore
46,Hospital_46,Bangalore
47,Hospital_47,Patiala
48,Hospital_48,Pune
49,Hospital_49,Patiala
50,Hospital_50,Bangalore
51,Hospital_51,Patiala
52,Hospital_52,Delhi
53,Hospital_53,Bangalore
54,Hospital_54,Chandigarh
55,Hospital_55,Mumbai
56,Hospital_56,Pune
57,Hospital_57,Delhi
58,Hospital_58,Mumbai
59,Hospital_59,Delhi
60,Hospital_60,Patiala
61,Hospital_61,Patiala
62,Hospital_62,Mumbai
63,Hospital_63,Lucknow
64,Hospital_64,Delhi
65,Hospital_65,Delhi
66,Hospital_66,Jaipur
67,Hospital_67,Pune
68,Hospital_68,Chandigarh
69,Hospital_69,Jaipur
70,Hospital_70,Patiala
71,Hospital_71,Delhi
72,Hospital_72,Chandigarh
73,Hospital_73,Pune
74,Hospital_74,Bangalore
75,Hospital_75,Mumbai
76,Hospital_76,Chandigarh
77,Hospital_77,Jaipur
78,Hospital_78,Patiala
79,Hospital_79,Bangalore
80,Hospital_80,Pune
81,Hospital_81,Patiala
82,Hospital_82,Lucknow
83,Hospital_83,Lucknow
84,Hospital_84,Lucknow
85,Hospital_85,Jaipur
86,Hospital_86,Delhi
87,Hospital_87,Mumbai
88,Hospital_88,Bangalore
89,Hospital_89,Lucknow
90,Hospital_90,Mumbai
91,Hospital_91,Chandigarh
92,Hospital_92,Patiala
93,Hospital_93,Pune
94,Hospital_94,Pune
95,Hospital_95,Delhi
96,Hospital_96,Mumbai
97,Hospital_97,Patiala
98,Hospital_98,Lucknow
99,Hospital_99,Lucknow
100,Hospital_100,Pune
101,Hospital_101,Jaipur
102,Hospital_102,Chandigarh
103,Hospital_103,Lucknow
104,Hospital_104,Chandigarh
105,Hospital_105,Delhi
106,Hospital_106,Bangalore
107,Hospital_107,Chandigarh
108,Hospital_108,Jaipur
109,Hospital_109,Lucknow
110,Hospital_110,Chandigarh
111,Hospital_111,Delhi
112,Hospital_112,Patiala
113,Hospital_113,Lucknow
114,Hospital_114,Delhi
115,Hospital_115,Jaipur
116,Hospital_116,Bangalore
117,Hospital_117,Chandigarh
118,Hospital_118,Patiala
119,Hospital_119,Bangalore
120,Hospital_120,Lucknow
121,Hospital_121,Lucknow
122,Hospital_122,Patiala
123,Hospital_123,Mumbai
124,Hospital_124,Bangalore
125,Hospital_125,Jaipur
126,Hospital_126,Pune
127,Hospital_127,Lucknow
128,Hospital_128,Chandigarh
129,Hospital_129,Bangalore
130,Hospital_130,Delhi
131,Hospital_131,Patiala
132,Hospital_132,Chandigarh
133,Hospital_133,Lucknow
134,Hospital_134,Lucknow
135,Hospital_135,Lucknow
136,Hospital_136,Jaipur
137,Hospital_137,Patiala
138,Hospital_138,Patiala
139,Hospital_139,Patiala
140,Hospital_140,Jaipur
141,Hospital_141,Pune
142,Hospital_142,Delhi
143,Hospital_143,Mumbai
144,Hospital_144,Delhi
145,Hospital_145,Lucknow
146,Hospital_146,Pune
147,Hospital_147,Chandigarh
148,Hospital_148,Bangalore
149,Hospital_149,Pune
150,Hospital_150,Pune
151,Hospital_151,Pune
152,Hospital_152,Pune
153,Hospital_153,Bangalore
154,Hospital_154,Mumbai
155,Hospital_155,Mumbai
156,Hospital_156,Jaipur
157,Hospital_157,Chandigarh
158,Hospital_158,Mumbai
159,Hospital_159,Bangalore
160,Hospital_160,Patiala
161,Hospital_161,Jaipur
162,Hospital_162,Delhi
163,Hospital_163,Bangalore
164,Hospital_164,Bangalore
165,Hospital_165,Bangalore
166,Hospital_166,Jaipur
167,Hospital_167,Pune
168,Hospital_168,Pune
169,Hospital_169,Pune
170,Hospital_170,Delhi
171,Hospital_171,Mumbai
172,Hospital_172,Mumbai
173,Hospital_173,Lucknow
174,Hospital_174,Bangalore
175,Hospital_175,Lucknow
176,Hospital_176,Chandigarh
177,Hospital_177,Mumbai
178,Hospital_178,Patiala
179,Hospital_179,Mumbai
180,Hospital_180,Patiala
181,Hospital_181,Chandigarh
182,Hospital_182,Chandigarh
183,Hospital_183,Patiala
184,Hospital_184,Lucknow
185,Hospital_185,Chandigarh
186,Hospital_186,Chandigarh
187,Hospital_187,Patiala
188,Hospital_188,Pune
189,Hospital_189,Chandigarh
190,Hospital_190,Patiala
191,Hospital_191,Chandigarh
192,Hospital_192,Bangalore
193,Hospital_193,Patiala
194,Hospital_194,Jaipur
195,Hospital_195,Lucknow
196,Hospital_196,Chandigarh
197,Hospital_197,Lucknow
198,Hospital_198,Lucknow
199,Hospital_199,Pune
200,Hospital_200,Bangalore
